{
    "defaultConfig": {
        "lang": "zh-Hans"
    },
    "usePublicUrl": false,
    "redirect": [
        {
            "matchMethod": [
                "*"
            ],
            "matchUrl": {
                "pathname": "/"
            },
            "to": {
                "url": "/{{pattern.pathname.input}}index.html",
                "appendHeaders": {},
                "removeHeaders": []
            }
        },
        {
            "matchMethod": [
                "*"
            ],
            "matchUrl": {
                "pathname": "{/}assets/*"
            },
            "to": {
                "url": "/{{pattern.pathname.input}}",
                "appendHeaders": {},
                "removeHeaders": []
            }
        },
        {
            "matchMethod": [
                "*"
            ],
            "matchUrl": {
                "pathname": "/*"
            },
            "to": {
                "url": "/{{pattern.pathname.input}}",
                "appendHeaders": {},
                "removeHeaders": []
            }
        }
    ]
}